{"firstEye":{"horizontal":[[0.5075668544569146,6.6813911507768005,3.200077772140503],[0.5075668544569146,6.35201266011859,3.200077772140503]],"vertical":[[0.6479576865407422,6.522101552835535,3.200077772140503],[0.35367690390348827,6.516701905447696,3.200077772140503]]},"secondEye":{"horizontal":[[-0.5075668544569146,6.6813911507768005,3.200077772140503],[-0.5075668544569146,6.35201266011859,3.200077772140503]],"vertical":[[-0.6479576865407422,6.522101552835535,3.200077772140503],[-0.35367690390348827,6.516701905447696,3.200077772140503]]},"orbitState":{"target":{"x":0,"y":6.592296968877491,"z":-3.934601353591993e-16},"position":{"x":0,"y":6.592296968877493,"z":30},"zoom":12.346485219906375},"fileName":"Amamiya"}