{
    "firstEye": {
        "horizontal": [[0.46056540078232194, 7.939410480066491, 1.8417998552322388], [0.45009800530999655, 7.54513858394223, 1.8417998552322388]],
        "vertical": [[0.7257394194145677, 7.740529966092307, 1.8417998552322388], [0.25819575498402914, 7.750997361564632, 1.8417998552322388]]
    },
    "secondEye": {
        "horizontal": [[-0.46056540078232194, 7.939410480066491, 1.8417998552322388], [-0.45009800530999655, 7.54513858394223, 1.8417998552322388]],
        "vertical": [[-0.7257394194145677, 7.740529966092307, 1.8417998552322388], [-0.25819575498402914, 7.750997361564632, 1.8417998552322388]]
    },
    "orbitState": {
        "target": {
            "x": 0,
            "y": 7.962089836923239,
            "z": -4.745345065354748e-16
        },
        "position": {
            "x": 0,
            "y": 7.962089836923241,
            "z": 30
        },
        "zoom": 9.553474908289045
    },
    "fileName": "kizunaai"
}