{"firstEye":{"horizontal":[[0.49757750678941165,5.465421700120147,4.336459159851074],[0.47705884671562115,5.049918833625896,4.336459159851074]],"vertical":[[0.7797090828040264,5.306402084548274,4.336459159851074],[0.3129095661253001,5.321791079603615,4.336459159851074]]},"secondEye":{"horizontal":[[-0.49757750678941165,5.465421700120147,4.336459159851074],[-0.47705884671562115,5.049918833625896,4.336459159851074]],"vertical":[[-0.7797090828040264,5.306402084548274,4.336459159851074],[-0.3129095661253001,5.321791079603615,4.336459159851074]]},"orbitState":{"target":{"x":0,"y":5.482093111430144,"z":-3.2797244915165626e-16},"position":{"x":0,"y":5.482093111430146,"z":30},"zoom":12.996300231480395},"fileName":"mononobe"}