{
    "rightXNegativeAngle": -20.80000000000016,
    "leftXNegativeAngle": -20.80000000000016,
    "rightXPositiveAngle": 16.250000000000096,
    "leftXPositiveAngle": 16.250000000000096,
    "rightYNegativeAngle": -17.050000000000107,
    "leftYNegativeAngle": -15.80000000000009,
    "rightYPositiveAngle": 15.80000000000009,
    "leftYPositiveAngle": 17.050000000000107,
    "fileName": "Amamiya"
}