{
    "rightXNegativeAngle": -8.399999999999984,
    "leftXNegativeAngle": -8.399999999999984,
    "rightXPositiveAngle": 11.250000000000027,
    "leftXPositiveAngle": 11.250000000000027,
    "rightYNegativeAngle": -7.99999999999998,
    "leftYNegativeAngle": -12.700000000000045,
    "rightYPositiveAngle": 12.700000000000045,
    "leftYPositiveAngle": 7.99999999999998,
    "fileName": "kizunaai"
}