{
    "rightXNegativeAngle": -15.000000000000078,
    "leftXNegativeAngle": -15.000000000000078,
    "rightXPositiveAngle": 16.6500000000001,
    "leftXPositiveAngle": 16.6500000000001,
    "rightYNegativeAngle": -10.100000000000009,
    "leftYNegativeAngle": -21.200000000000166,
    "rightYPositiveAngle": 21.200000000000166,
    "leftYPositiveAngle": 10.100000000000009,
    "fileName": "mononobe"
}